[{"__type__":"cc.SpriteFrame","content":{"name":"bg","texture":"25kQw8KS1Fe4xyD9qieuEn","rect":[0,0,1280,720],"offset":[0,0],"originalSize":[1280,720],"capInsets":[0,0,0,0]}},{"__type__":"cc.SpriteFrame","content":{"name":"logo_tinh","texture":"245oFrDflCgIQt4aQCyTeU","rect":[0,0,404,353],"offset":[0,0],"originalSize":[404,353],"capInsets":[0,0,0,0]}},{"__type__":"cc.SpriteFrame","content":{"name":"2","texture":"5a5R4KLP1MuopLjiDcu1QJ","rect":[0,0,314,21],"offset":[0,0],"originalSize":[314,21],"capInsets":[0,0,0,0]}},{"__type__":"cc.SpriteFrame","content":{"name":"default_sprite_splash","texture":"02delMVqdBD70a/HSD99FK","rect":[0,0,2,2],"offset":[0,0],"originalSize":[2,2],"capInsets":[0,0,0,0]}},[{"__type__":"cc.SceneAsset","_name":"Loading","scene":{"__id__":1},"asyncLoadAssets":null},{"__type__":"cc.Scene","_name":"New Node","_children":[{"__id__":2},{"__id__":11}],"_anchorPoint":{"__type__":"cc.Vec2"},"_trs":{"__type__":"TypedArray","ctor":"Float64Array","array":[0,0,0,0,0,0,1,1,1,1]},"autoReleaseAssets":false},{"__type__":"cc.Node","_name":"Canvas","_parent":{"__id__":1},"_children":[{"__id__":3},{"__id__":4},{"__id__":5},{"__id__":6},{"__id__":8},{"__id__":9}],"_components":[{"__type__":"cc.Canvas","node":{"__id__":2},"_designResolution":{"__type__":"cc.Size","width":1280,"height":720}},{"__type__":"cc.Widget","node":{"__id__":2},"_alignFlags":45}],"_contentSize":{"__type__":"cc.Size","width":1280,"height":720},"_trs":{"__type__":"TypedArray","ctor":"Float64Array","array":[640,360,0,0,0,0,1,1,1,1]},"_id":"a5esZu+45LA5mBpvttspPD"},{"__type__":"cc.Node","_name":"Main Camera","_objFlags":512,"_parent":{"__id__":2},"_components":[{"__type__":"cc.Camera","node":{"__id__":3},"_clearFlags":7,"_depth":-1}],"_contentSize":{"__type__":"cc.Size","width":1280,"height":720},"_trs":{"__type__":"TypedArray","ctor":"Float64Array","array":[0,0,381.91720306893745,0,0,0,1,1,1,1]}},{"__type__":"cc.Node","_name":"BG","_parent":{"__id__":2},"_components":[{"__type__":"cc.Sprite","node":{"__id__":4},"_materials":[{"__uuid__":"ecpdLyjvZBwrvm+cedCcQy"}],"_spriteFrame":{"__uuid__":"0bGfyJHtFKqZDYAopaY7V+"},"_sizeMode":0},{"__type__":"cc.Widget","node":{"__id__":4},"_originalWidth":1280}],"_contentSize":{"__type__":"cc.Size","width":1560,"height":720},"_trs":{"__type__":"TypedArray","ctor":"Float64Array","array":[0,0,0,0,0,0,1,1,1,1]}},{"__type__":"cc.Node","_name":"logo","_parent":{"__id__":2},"_components":[{"__type__":"cc.Sprite","node":{"__id__":5},"_materials":[{"__uuid__":"ecpdLyjvZBwrvm+cedCcQy"}],"_spriteFrame":{"__uuid__":"0cPP2WJ7BHSpr+V2guQBDA"}}],"_contentSize":{"__type__":"cc.Size","width":404,"height":353},"_trs":{"__type__":"TypedArray","ctor":"Float64Array","array":[0,53.577,0,0,0,0,1,1,1,1]}},{"__type__":"cc.Node","_name":"blue bar","_parent":{"__id__":2},"_components":[{"__id__":7}],"_contentSize":{"__type__":"cc.Size","width":314,"height":21},"_trs":{"__type__":"TypedArray","ctor":"Float64Array","array":[0,-229.197,0,0,0,0,1,1,1,1]}},{"__type__":"cc.Sprite","node":{"__id__":6},"_materials":[{"__uuid__":"ecpdLyjvZBwrvm+cedCcQy"}],"_spriteFrame":{"__uuid__":"44yzpBbGtBfKciyUar7Mvq"},"_type":3},{"__type__":"cc.Node","_name":"sprite_splash","_parent":{"__id__":2},"_active":false,"_components":[{"__type__":"cc.Sprite","node":{"__id__":8},"_materials":[{"__uuid__":"ecpdLyjvZBwrvm+cedCcQy"}],"_spriteFrame":{"__uuid__":"a2MjXRFdtLlYQ5ouAFv/+R"},"_sizeMode":0}],"_color":{"__type__":"cc.Color"},"_contentSize":{"__type__":"cc.Size","width":2100,"height":2100},"_trs":{"__type__":"TypedArray","ctor":"Float64Array","array":[0,0,0,0,0,0,1,1,1,1]}},{"__type__":"cc.Node","_name":"Update","_parent":{"__id__":2},"_components":[{"__id__":10},{"__type__":"cc.LabelOutline","node":{"__id__":9},"_color":{"__type__":"cc.Color"}}],"_color":{"__type__":"cc.Color","r":74,"g":199,"b":248},"_contentSize":{"__type__":"cc.Size","width":300,"height":50.4},"_trs":{"__type__":"TypedArray","ctor":"Float64Array","array":[0,-301.255,0,0,0,0,1,1,1,1]}},{"__type__":"cc.Label","node":{"__id__":9},"_materials":[{"__uuid__":"ecpdLyjvZBwrvm+cedCcQy"}],"_useOriginalSize":false,"_N$horizontalAlign":1,"_N$verticalAlign":1,"_N$overflow":1},{"__type__":"cc.Node","_name":"LoadGameController","_parent":{"__id__":1},"_components":[{"__type__":"89e3bULnINAO5LStk1zefH7","node":{"__id__":11},"loadingSprite":{"__id__":7},"loadingLabel":{"__id__":10}}],"_color":{"__type__":"cc.Color","r":240,"g":117,"b":69},"_trs":{"__type__":"TypedArray","ctor":"Float64Array","array":[0,0,0,0,0,0,1,1,1,1]},"_id":"06Qw/m7qFGnK2jyuZE4fbm"}]]